"id","categoryId","subcategoryId","name"
"I0001","C001","SC001","品目001-01-01"
"I0002","C001","SC001","品目001-01-02"
"I0003","C001","SC001","品目001-01-03"
"I0004","C001","SC001","品目001-01-04"
"I0005","C001","SC002","品目001-02-01"
"I0006","C001","SC002","品目001-02-02"
"I0007","C001","SC002","品目001-02-03"
"I0008","C001","SC002","品目001-02-04"
"I0009","C001","SC003","品目001-03-01"
"I0010","C001","SC003","品目001-03-02"
"I0011","C001","SC003","品目001-03-03"
"I0012","C001","SC003","品目001-03-04"
"I0013","C001","SC004","品目001-04-01"
"I0014","C001","SC004","品目001-04-02"
"I0015","C001","SC004","品目001-04-03"
"I0016","C001","SC004","品目001-04-04"
"I0017","C001","SC005","品目001-05-01"
"I0018","C001","SC005","品目001-05-02"
"I0019","C001","SC005","品目001-05-03"
"I0020","C001","SC005","品目001-05-04"
"I0021","C002","SC006","品目002-01-01"
"I0022","C002","SC006","品目002-01-02"
"I0023","C002","SC006","品目002-01-03"
"I0024","C002","SC006","品目002-01-04"
"I0025","C002","SC007","品目002-02-01"
"I0026","C002","SC007","品目002-02-02"
"I0027","C002","SC007","品目002-02-03"
"I0028","C002","SC007","品目002-02-04"
"I0029","C002","SC008","品目002-03-01"
"I0030","C002","SC008","品目002-03-02"
"I0031","C002","SC008","品目002-03-03"
"I0032","C002","SC008","品目002-03-04"
"I0033","C002","SC009","品目002-04-01"
"I0034","C002","SC009","品目002-04-02"
"I0035","C002","SC009","品目002-04-03"
"I0036","C002","SC009","品目002-04-04"
"I0037","C002","SC010","品目002-05-01"
"I0038","C002","SC010","品目002-05-02"
"I0039","C002","SC010","品目002-05-03"
"I0040","C002","SC010","品目002-05-04"
"I0041","C003","SC011","品目003-01-01"
"I0042","C003","SC011","品目003-01-02"
"I0043","C003","SC011","品目003-01-03"
"I0044","C003","SC011","品目003-01-04"
"I0045","C003","SC012","品目003-02-01"
"I0046","C003","SC012","品目003-02-02"
"I0047","C003","SC012","品目003-02-03"
"I0048","C003","SC012","品目003-02-04"
"I0049","C003","SC013","品目003-03-01"
"I0050","C003","SC013","品目003-03-02"
"I0051","C003","SC013","品目003-03-03"
"I0052","C003","SC013","品目003-03-04"
"I0053","C003","SC014","品目003-04-01"
"I0054","C003","SC014","品目003-04-02"
"I0055","C003","SC014","品目003-04-03"
"I0056","C003","SC014","品目003-04-04"
"I0057","C003","SC015","品目003-05-01"
"I0058","C003","SC015","品目003-05-02"
"I0059","C003","SC015","品目003-05-03"
"I0060","C003","SC015","品目003-05-04"
"I0061","C004","SC016","品目004-01-01"
"I0062","C004","SC016","品目004-01-02"
"I0063","C004","SC016","品目004-01-03"
"I0064","C004","SC016","品目004-01-04"
"I0065","C004","SC017","品目004-02-01"
"I0066","C004","SC017","品目004-02-02"
"I0067","C004","SC017","品目004-02-03"
"I0068","C004","SC017","品目004-02-04"
"I0069","C004","SC018","品目004-03-01"
"I0070","C004","SC018","品目004-03-02"
"I0071","C004","SC018","品目004-03-03"
"I0072","C004","SC018","品目004-03-04"
"I0073","C004","SC019","品目004-04-01"
"I0074","C004","SC019","品目004-04-02"
"I0075","C004","SC019","品目004-04-03"
"I0076","C004","SC019","品目004-04-04"
"I0077","C004","SC020","品目004-05-01"
"I0078","C004","SC020","品目004-05-02"
"I0079","C004","SC020","品目004-05-03"
"I0080","C004","SC020","品目004-05-04"
"I0081","C005","SC021","品目005-01-01"
"I0082","C005","SC021","品目005-01-02"
"I0083","C005","SC021","品目005-01-03"
"I0084","C005","SC021","品目005-01-04"
"I0085","C005","SC022","品目005-02-01"
"I0086","C005","SC022","品目005-02-02"
"I0087","C005","SC022","品目005-02-03"
"I0088","C005","SC022","品目005-02-04"
"I0089","C005","SC023","品目005-03-01"
"I0090","C005","SC023","品目005-03-02"
"I0091","C005","SC023","品目005-03-03"
"I0092","C005","SC023","品目005-03-04"
"I0093","C005","SC024","品目005-04-01"
"I0094","C005","SC024","品目005-04-02"
"I0095","C005","SC024","品目005-04-03"
"I0096","C005","SC024","品目005-04-04"
"I0097","C005","SC025","品目005-05-01"
"I0098","C005","SC025","品目005-05-02"
"I0099","C005","SC025","品目005-05-03"
"I0100","C005","SC025","品目005-05-04"
"I0101","C006","SC026","品目006-01-01"
"I0102","C006","SC026","品目006-01-02"
"I0103","C006","SC026","品目006-01-03"
"I0104","C006","SC026","品目006-01-04"
"I0105","C006","SC027","品目006-02-01"
"I0106","C006","SC027","品目006-02-02"
"I0107","C006","SC027","品目006-02-03"
"I0108","C006","SC027","品目006-02-04"
"I0109","C006","SC028","品目006-03-01"
"I0110","C006","SC028","品目006-03-02"
"I0111","C006","SC028","品目006-03-03"
"I0112","C006","SC028","品目006-03-04"
"I0113","C006","SC029","品目006-04-01"
"I0114","C006","SC029","品目006-04-02"
"I0115","C006","SC029","品目006-04-03"
"I0116","C006","SC029","品目006-04-04"
"I0117","C006","SC030","品目006-05-01"
"I0118","C006","SC030","品目006-05-02"
"I0119","C006","SC030","品目006-05-03"
"I0120","C006","SC030","品目006-05-04"
"I0121","C007","SC031","品目007-01-01"
"I0122","C007","SC031","品目007-01-02"
"I0123","C007","SC031","品目007-01-03"
"I0124","C007","SC031","品目007-01-04"
"I0125","C007","SC032","品目007-02-01"
"I0126","C007","SC032","品目007-02-02"
"I0127","C007","SC032","品目007-02-03"
"I0128","C007","SC032","品目007-02-04"
"I0129","C007","SC033","品目007-03-01"
"I0130","C007","SC033","品目007-03-02"
"I0131","C007","SC033","品目007-03-03"
"I0132","C007","SC033","品目007-03-04"
"I0133","C007","SC034","品目007-04-01"
"I0134","C007","SC034","品目007-04-02"
"I0135","C007","SC034","品目007-04-03"
"I0136","C007","SC034","品目007-04-04"
"I0137","C007","SC035","品目007-05-01"
"I0138","C007","SC035","品目007-05-02"
"I0139","C007","SC035","品目007-05-03"
"I0140","C007","SC035","品目007-05-04"
"I0141","C008","SC036","品目008-01-01"
"I0142","C008","SC036","品目008-01-02"
"I0143","C008","SC036","品目008-01-03"
"I0144","C008","SC036","品目008-01-04"
"I0145","C008","SC037","品目008-02-01"
"I0146","C008","SC037","品目008-02-02"
"I0147","C008","SC037","品目008-02-03"
"I0148","C008","SC037","品目008-02-04"
"I0149","C008","SC038","品目008-03-01"
"I0150","C008","SC038","品目008-03-02"
"I0151","C008","SC038","品目008-03-03"
"I0152","C008","SC038","品目008-03-04"
"I0153","C008","SC039","品目008-04-01"
"I0154","C008","SC039","品目008-04-02"
"I0155","C008","SC039","品目008-04-03"
"I0156","C008","SC039","品目008-04-04"
"I0157","C008","SC040","品目008-05-01"
"I0158","C008","SC040","品目008-05-02"
"I0159","C008","SC040","品目008-05-03"
"I0160","C008","SC040","品目008-05-04"
"I0161","C009","SC041","品目009-01-01"
"I0162","C009","SC041","品目009-01-02"
"I0163","C009","SC041","品目009-01-03"
"I0164","C009","SC041","品目009-01-04"
"I0165","C009","SC042","品目009-02-01"
"I0166","C009","SC042","品目009-02-02"
"I0167","C009","SC042","品目009-02-03"
"I0168","C009","SC042","品目009-02-04"
"I0169","C009","SC043","品目009-03-01"
"I0170","C009","SC043","品目009-03-02"
"I0171","C009","SC043","品目009-03-03"
"I0172","C009","SC043","品目009-03-04"
"I0173","C009","SC044","品目009-04-01"
"I0174","C009","SC044","品目009-04-02"
"I0175","C009","SC044","品目009-04-03"
"I0176","C009","SC044","品目009-04-04"
"I0177","C009","SC045","品目009-05-01"
"I0178","C009","SC045","品目009-05-02"
"I0179","C009","SC045","品目009-05-03"
"I0180","C009","SC045","品目009-05-04"
"I0181","C010","SC046","品目010-01-01"
"I0182","C010","SC046","品目010-01-02"
"I0183","C010","SC046","品目010-01-03"
"I0184","C010","SC046","品目010-01-04"
"I0185","C010","SC047","品目010-02-01"
"I0186","C010","SC047","品目010-02-02"
"I0187","C010","SC047","品目010-02-03"
"I0188","C010","SC047","品目010-02-04"
"I0189","C010","SC048","品目010-03-01"
"I0190","C010","SC048","品目010-03-02"
"I0191","C010","SC048","品目010-03-03"
"I0192","C010","SC048","品目010-03-04"
"I0193","C010","SC049","品目010-04-01"
"I0194","C010","SC049","品目010-04-02"
"I0195","C010","SC049","品目010-04-03"
"I0196","C010","SC049","品目010-04-04"
"I0197","C010","SC050","品目010-05-01"
"I0198","C010","SC050","品目010-05-02"
"I0199","C010","SC050","品目010-05-03"
"I0200","C010","SC050","品目010-05-04"
"I0201","C011","SC051","品目011-01-01"
"I0202","C011","SC051","品目011-01-02"
"I0203","C011","SC051","品目011-01-03"
"I0204","C011","SC051","品目011-01-04"
"I0205","C011","SC052","品目011-02-01"
"I0206","C011","SC052","品目011-02-02"
"I0207","C011","SC052","品目011-02-03"
"I0208","C011","SC052","品目011-02-04"
"I0209","C011","SC053","品目011-03-01"
"I0210","C011","SC053","品目011-03-02"
"I0211","C011","SC053","品目011-03-03"
"I0212","C011","SC053","品目011-03-04"
"I0213","C011","SC054","品目011-04-01"
"I0214","C011","SC054","品目011-04-02"
"I0215","C011","SC054","品目011-04-03"
"I0216","C011","SC054","品目011-04-04"
"I0217","C011","SC055","品目011-05-01"
"I0218","C011","SC055","品目011-05-02"
"I0219","C011","SC055","品目011-05-03"
"I0220","C011","SC055","品目011-05-04"
"I0221","C012","SC056","品目012-01-01"
"I0222","C012","SC056","品目012-01-02"
"I0223","C012","SC056","品目012-01-03"
"I0224","C012","SC056","品目012-01-04"
"I0225","C012","SC057","品目012-02-01"
"I0226","C012","SC057","品目012-02-02"
"I0227","C012","SC057","品目012-02-03"
"I0228","C012","SC057","品目012-02-04"
"I0229","C012","SC058","品目012-03-01"
"I0230","C012","SC058","品目012-03-02"
"I0231","C012","SC058","品目012-03-03"
"I0232","C012","SC058","品目012-03-04"
"I0233","C012","SC059","品目012-04-01"
"I0234","C012","SC059","品目012-04-02"
"I0235","C012","SC059","品目012-04-03"
"I0236","C012","SC059","品目012-04-04"
"I0237","C012","SC060","品目012-05-01"
"I0238","C012","SC060","品目012-05-02"
"I0239","C012","SC060","品目012-05-03"
"I0240","C012","SC060","品目012-05-04"
"I0241","C013","SC061","品目013-01-01"
"I0242","C013","SC061","品目013-01-02"
"I0243","C013","SC061","品目013-01-03"
"I0244","C013","SC061","品目013-01-04"
"I0245","C013","SC062","品目013-02-01"
"I0246","C013","SC062","品目013-02-02"
"I0247","C013","SC062","品目013-02-03"
"I0248","C013","SC062","品目013-02-04"
"I0249","C013","SC063","品目013-03-01"
"I0250","C013","SC063","品目013-03-02"
"I0251","C013","SC063","品目013-03-03"
"I0252","C013","SC063","品目013-03-04"
"I0253","C013","SC064","品目013-04-01"
"I0254","C013","SC064","品目013-04-02"
"I0255","C013","SC064","品目013-04-03"
"I0256","C013","SC064","品目013-04-04"
"I0257","C013","SC065","品目013-05-01"
"I0258","C013","SC065","品目013-05-02"
"I0259","C013","SC065","品目013-05-03"
"I0260","C013","SC065","品目013-05-04"
"I0261","C014","SC066","品目014-01-01"
"I0262","C014","SC066","品目014-01-02"
"I0263","C014","SC066","品目014-01-03"
"I0264","C014","SC066","品目014-01-04"
"I0265","C014","SC067","品目014-02-01"
"I0266","C014","SC067","品目014-02-02"
"I0267","C014","SC067","品目014-02-03"
"I0268","C014","SC067","品目014-02-04"
"I0269","C014","SC068","品目014-03-01"
"I0270","C014","SC068","品目014-03-02"
"I0271","C014","SC068","品目014-03-03"
"I0272","C014","SC068","品目014-03-04"
"I0273","C014","SC069","品目014-04-01"
"I0274","C014","SC069","品目014-04-02"
"I0275","C014","SC069","品目014-04-03"
"I0276","C014","SC069","品目014-04-04"
"I0277","C014","SC070","品目014-05-01"
"I0278","C014","SC070","品目014-05-02"
"I0279","C014","SC070","品目014-05-03"
"I0280","C014","SC070","品目014-05-04"
"I0281","C015","SC071","品目015-01-01"
"I0282","C015","SC071","品目015-01-02"
"I0283","C015","SC071","品目015-01-03"
"I0284","C015","SC071","品目015-01-04"
"I0285","C015","SC072","品目015-02-01"
"I0286","C015","SC072","品目015-02-02"
"I0287","C015","SC072","品目015-02-03"
"I0288","C015","SC072","品目015-02-04"
"I0289","C015","SC073","品目015-03-01"
"I0290","C015","SC073","品目015-03-02"
"I0291","C015","SC073","品目015-03-03"
"I0292","C015","SC073","品目015-03-04"
"I0293","C015","SC074","品目015-04-01"
"I0294","C015","SC074","品目015-04-02"
"I0295","C015","SC074","品目015-04-03"
"I0296","C015","SC074","品目015-04-04"
"I0297","C015","SC075","品目015-05-01"
"I0298","C015","SC075","品目015-05-02"
"I0299","C015","SC075","品目015-05-03"
"I0300","C015","SC075","品目015-05-04"
"I0301","C016","SC076","品目016-01-01"
"I0302","C016","SC076","品目016-01-02"
"I0303","C016","SC076","品目016-01-03"
"I0304","C016","SC076","品目016-01-04"
"I0305","C016","SC077","品目016-02-01"
"I0306","C016","SC077","品目016-02-02"
"I0307","C016","SC077","品目016-02-03"
"I0308","C016","SC077","品目016-02-04"
"I0309","C016","SC078","品目016-03-01"
"I0310","C016","SC078","品目016-03-02"
"I0311","C016","SC078","品目016-03-03"
"I0312","C016","SC078","品目016-03-04"
"I0313","C016","SC079","品目016-04-01"
"I0314","C016","SC079","品目016-04-02"
"I0315","C016","SC079","品目016-04-03"
"I0316","C016","SC079","品目016-04-04"
"I0317","C016","SC080","品目016-05-01"
"I0318","C016","SC080","品目016-05-02"
"I0319","C016","SC080","品目016-05-03"
"I0320","C016","SC080","品目016-05-04"
"I0321","C017","SC081","品目017-01-01"
"I0322","C017","SC081","品目017-01-02"
"I0323","C017","SC081","品目017-01-03"
"I0324","C017","SC081","品目017-01-04"
"I0325","C017","SC082","品目017-02-01"
"I0326","C017","SC082","品目017-02-02"
"I0327","C017","SC082","品目017-02-03"
"I0328","C017","SC082","品目017-02-04"
"I0329","C017","SC083","品目017-03-01"
"I0330","C017","SC083","品目017-03-02"
"I0331","C017","SC083","品目017-03-03"
"I0332","C017","SC083","品目017-03-04"
"I0333","C017","SC084","品目017-04-01"
"I0334","C017","SC084","品目017-04-02"
"I0335","C017","SC084","品目017-04-03"
"I0336","C017","SC084","品目017-04-04"
"I0337","C017","SC085","品目017-05-01"
"I0338","C017","SC085","品目017-05-02"
"I0339","C017","SC085","品目017-05-03"
"I0340","C017","SC085","品目017-05-04"
"I0341","C018","SC086","品目018-01-01"
"I0342","C018","SC086","品目018-01-02"
"I0343","C018","SC086","品目018-01-03"
"I0344","C018","SC086","品目018-01-04"
"I0345","C018","SC087","品目018-02-01"
"I0346","C018","SC087","品目018-02-02"
"I0347","C018","SC087","品目018-02-03"
"I0348","C018","SC087","品目018-02-04"
"I0349","C018","SC088","品目018-03-01"
"I0350","C018","SC088","品目018-03-02"
"I0351","C018","SC088","品目018-03-03"
"I0352","C018","SC088","品目018-03-04"
"I0353","C018","SC089","品目018-04-01"
"I0354","C018","SC089","品目018-04-02"
"I0355","C018","SC089","品目018-04-03"
"I0356","C018","SC089","品目018-04-04"
"I0357","C018","SC090","品目018-05-01"
"I0358","C018","SC090","品目018-05-02"
"I0359","C018","SC090","品目018-05-03"
"I0360","C018","SC090","品目018-05-04"
"I0361","C019","SC091","品目019-01-01"
"I0362","C019","SC091","品目019-01-02"
"I0363","C019","SC091","品目019-01-03"
"I0364","C019","SC091","品目019-01-04"
"I0365","C019","SC092","品目019-02-01"
"I0366","C019","SC092","品目019-02-02"
"I0367","C019","SC092","品目019-02-03"
"I0368","C019","SC092","品目019-02-04"
"I0369","C019","SC093","品目019-03-01"
"I0370","C019","SC093","品目019-03-02"
"I0371","C019","SC093","品目019-03-03"
"I0372","C019","SC093","品目019-03-04"
"I0373","C019","SC094","品目019-04-01"
"I0374","C019","SC094","品目019-04-02"
"I0375","C019","SC094","品目019-04-03"
"I0376","C019","SC094","品目019-04-04"
"I0377","C019","SC095","品目019-05-01"
"I0378","C019","SC095","品目019-05-02"
"I0379","C019","SC095","品目019-05-03"
"I0380","C019","SC095","品目019-05-04"
"I0381","C020","SC096","品目020-01-01"
"I0382","C020","SC096","品目020-01-02"
"I0383","C020","SC096","品目020-01-03"
"I0384","C020","SC096","品目020-01-04"
"I0385","C020","SC097","品目020-02-01"
"I0386","C020","SC097","品目020-02-02"
"I0387","C020","SC097","品目020-02-03"
"I0388","C020","SC097","品目020-02-04"
"I0389","C020","SC098","品目020-03-01"
"I0390","C020","SC098","品目020-03-02"
"I0391","C020","SC098","品目020-03-03"
"I0392","C020","SC098","品目020-03-04"
"I0393","C020","SC099","品目020-04-01"
"I0394","C020","SC099","品目020-04-02"
"I0395","C020","SC099","品目020-04-03"
"I0396","C020","SC099","品目020-04-04"
"I0397","C020","SC100","品目020-05-01"
"I0398","C020","SC100","品目020-05-02"
"I0399","C020","SC100","品目020-05-03"
"I0400","C020","SC100","品目020-05-04"
"I0401","C021","SC101","品目021-01-01"
"I0402","C021","SC101","品目021-01-02"
"I0403","C021","SC101","品目021-01-03"
"I0404","C021","SC101","品目021-01-04"
"I0405","C021","SC102","品目021-02-01"
"I0406","C021","SC102","品目021-02-02"
"I0407","C021","SC102","品目021-02-03"
"I0408","C021","SC102","品目021-02-04"
"I0409","C021","SC103","品目021-03-01"
"I0410","C021","SC103","品目021-03-02"
"I0411","C021","SC103","品目021-03-03"
"I0412","C021","SC103","品目021-03-04"
"I0413","C021","SC104","品目021-04-01"
"I0414","C021","SC104","品目021-04-02"
"I0415","C021","SC104","品目021-04-03"
"I0416","C021","SC104","品目021-04-04"
"I0417","C021","SC105","品目021-05-01"
"I0418","C021","SC105","品目021-05-02"
"I0419","C021","SC105","品目021-05-03"
"I0420","C021","SC105","品目021-05-04"
"I0421","C022","SC106","品目022-01-01"
"I0422","C022","SC106","品目022-01-02"
"I0423","C022","SC106","品目022-01-03"
"I0424","C022","SC106","品目022-01-04"
"I0425","C022","SC107","品目022-02-01"
"I0426","C022","SC107","品目022-02-02"
"I0427","C022","SC107","品目022-02-03"
"I0428","C022","SC107","品目022-02-04"
"I0429","C022","SC108","品目022-03-01"
"I0430","C022","SC108","品目022-03-02"
"I0431","C022","SC108","品目022-03-03"
"I0432","C022","SC108","品目022-03-04"
"I0433","C022","SC109","品目022-04-01"
"I0434","C022","SC109","品目022-04-02"
"I0435","C022","SC109","品目022-04-03"
"I0436","C022","SC109","品目022-04-04"
"I0437","C022","SC110","品目022-05-01"
"I0438","C022","SC110","品目022-05-02"
"I0439","C022","SC110","品目022-05-03"
"I0440","C022","SC110","品目022-05-04"
"I0441","C023","SC111","品目023-01-01"
"I0442","C023","SC111","品目023-01-02"
"I0443","C023","SC111","品目023-01-03"
"I0444","C023","SC111","品目023-01-04"
"I0445","C023","SC112","品目023-02-01"
"I0446","C023","SC112","品目023-02-02"
"I0447","C023","SC112","品目023-02-03"
"I0448","C023","SC112","品目023-02-04"
"I0449","C023","SC113","品目023-03-01"
"I0450","C023","SC113","品目023-03-02"
"I0451","C023","SC113","品目023-03-03"
"I0452","C023","SC113","品目023-03-04"
"I0453","C023","SC114","品目023-04-01"
"I0454","C023","SC114","品目023-04-02"
"I0455","C023","SC114","品目023-04-03"
"I0456","C023","SC114","品目023-04-04"
"I0457","C023","SC115","品目023-05-01"
"I0458","C023","SC115","品目023-05-02"
"I0459","C023","SC115","品目023-05-03"
"I0460","C023","SC115","品目023-05-04"
"I0461","C024","SC116","品目024-01-01"
"I0462","C024","SC116","品目024-01-02"
"I0463","C024","SC116","品目024-01-03"
"I0464","C024","SC116","品目024-01-04"
"I0465","C024","SC117","品目024-02-01"
"I0466","C024","SC117","品目024-02-02"
"I0467","C024","SC117","品目024-02-03"
"I0468","C024","SC117","品目024-02-04"
"I0469","C024","SC118","品目024-03-01"
"I0470","C024","SC118","品目024-03-02"
"I0471","C024","SC118","品目024-03-03"
"I0472","C024","SC118","品目024-03-04"
"I0473","C024","SC119","品目024-04-01"
"I0474","C024","SC119","品目024-04-02"
"I0475","C024","SC119","品目024-04-03"
"I0476","C024","SC119","品目024-04-04"
"I0477","C024","SC120","品目024-05-01"
"I0478","C024","SC120","品目024-05-02"
"I0479","C024","SC120","品目024-05-03"
"I0480","C024","SC120","品目024-05-04"
"I0481","C025","SC121","品目025-01-01"
"I0482","C025","SC121","品目025-01-02"
"I0483","C025","SC121","品目025-01-03"
"I0484","C025","SC121","品目025-01-04"
"I0485","C025","SC122","品目025-02-01"
"I0486","C025","SC122","品目025-02-02"
"I0487","C025","SC122","品目025-02-03"
"I0488","C025","SC122","品目025-02-04"
"I0489","C025","SC123","品目025-03-01"
"I0490","C025","SC123","品目025-03-02"
"I0491","C025","SC123","品目025-03-03"
"I0492","C025","SC123","品目025-03-04"
"I0493","C025","SC124","品目025-04-01"
"I0494","C025","SC124","品目025-04-02"
"I0495","C025","SC124","品目025-04-03"
"I0496","C025","SC124","品目025-04-04"
"I0497","C025","SC125","品目025-05-01"
"I0498","C025","SC125","品目025-05-02"
"I0499","C025","SC125","品目025-05-03"
"I0500","C025","SC125","品目025-05-04"
"I0501","C026","SC126","品目026-01-01"
"I0502","C026","SC126","品目026-01-02"
"I0503","C026","SC126","品目026-01-03"
"I0504","C026","SC126","品目026-01-04"
"I0505","C026","SC127","品目026-02-01"
"I0506","C026","SC127","品目026-02-02"
"I0507","C026","SC127","品目026-02-03"
"I0508","C026","SC127","品目026-02-04"
"I0509","C026","SC128","品目026-03-01"
"I0510","C026","SC128","品目026-03-02"
"I0511","C026","SC128","品目026-03-03"
"I0512","C026","SC128","品目026-03-04"
"I0513","C026","SC129","品目026-04-01"
"I0514","C026","SC129","品目026-04-02"
"I0515","C026","SC129","品目026-04-03"
"I0516","C026","SC129","品目026-04-04"
"I0517","C026","SC130","品目026-05-01"
"I0518","C026","SC130","品目026-05-02"
"I0519","C026","SC130","品目026-05-03"
"I0520","C026","SC130","品目026-05-04"
"I0521","C027","SC131","品目027-01-01"
"I0522","C027","SC131","品目027-01-02"
"I0523","C027","SC131","品目027-01-03"
"I0524","C027","SC131","品目027-01-04"
"I0525","C027","SC132","品目027-02-01"
"I0526","C027","SC132","品目027-02-02"
"I0527","C027","SC132","品目027-02-03"
"I0528","C027","SC132","品目027-02-04"
"I0529","C027","SC133","品目027-03-01"
"I0530","C027","SC133","品目027-03-02"
"I0531","C027","SC133","品目027-03-03"
"I0532","C027","SC133","品目027-03-04"
"I0533","C027","SC134","品目027-04-01"
"I0534","C027","SC134","品目027-04-02"
"I0535","C027","SC134","品目027-04-03"
"I0536","C027","SC134","品目027-04-04"
"I0537","C027","SC135","品目027-05-01"
"I0538","C027","SC135","品目027-05-02"
"I0539","C027","SC135","品目027-05-03"
"I0540","C027","SC135","品目027-05-04"
"I0541","C028","SC136","品目028-01-01"
"I0542","C028","SC136","品目028-01-02"
"I0543","C028","SC136","品目028-01-03"
"I0544","C028","SC136","品目028-01-04"
"I0545","C028","SC137","品目028-02-01"
"I0546","C028","SC137","品目028-02-02"
"I0547","C028","SC137","品目028-02-03"
"I0548","C028","SC137","品目028-02-04"
"I0549","C028","SC138","品目028-03-01"
"I0550","C028","SC138","品目028-03-02"
"I0551","C028","SC138","品目028-03-03"
"I0552","C028","SC138","品目028-03-04"
"I0553","C028","SC139","品目028-04-01"
"I0554","C028","SC139","品目028-04-02"
"I0555","C028","SC139","品目028-04-03"
"I0556","C028","SC139","品目028-04-04"
"I0557","C028","SC140","品目028-05-01"
"I0558","C028","SC140","品目028-05-02"
"I0559","C028","SC140","品目028-05-03"
"I0560","C028","SC140","品目028-05-04"
"I0561","C029","SC141","品目029-01-01"
"I0562","C029","SC141","品目029-01-02"
"I0563","C029","SC141","品目029-01-03"
"I0564","C029","SC141","品目029-01-04"
"I0565","C029","SC142","品目029-02-01"
"I0566","C029","SC142","品目029-02-02"
"I0567","C029","SC142","品目029-02-03"
"I0568","C029","SC142","品目029-02-04"
"I0569","C029","SC143","品目029-03-01"
"I0570","C029","SC143","品目029-03-02"
"I0571","C029","SC143","品目029-03-03"
"I0572","C029","SC143","品目029-03-04"
"I0573","C029","SC144","品目029-04-01"
"I0574","C029","SC144","品目029-04-02"
"I0575","C029","SC144","品目029-04-03"
"I0576","C029","SC144","品目029-04-04"
"I0577","C029","SC145","品目029-05-01"
"I0578","C029","SC145","品目029-05-02"
"I0579","C029","SC145","品目029-05-03"
"I0580","C029","SC145","品目029-05-04"
"I0581","C030","SC146","品目030-01-01"
"I0582","C030","SC146","品目030-01-02"
"I0583","C030","SC146","品目030-01-03"
"I0584","C030","SC146","品目030-01-04"
"I0585","C030","SC147","品目030-02-01"
"I0586","C030","SC147","品目030-02-02"
"I0587","C030","SC147","品目030-02-03"
"I0588","C030","SC147","品目030-02-04"
"I0589","C030","SC148","品目030-03-01"
"I0590","C030","SC148","品目030-03-02"
"I0591","C030","SC148","品目030-03-03"
"I0592","C030","SC148","品目030-03-04"
"I0593","C030","SC149","品目030-04-01"
"I0594","C030","SC149","品目030-04-02"
"I0595","C030","SC149","品目030-04-03"
"I0596","C030","SC149","品目030-04-04"
"I0597","C030","SC150","品目030-05-01"
"I0598","C030","SC150","品目030-05-02"
"I0599","C030","SC150","品目030-05-03"
"I0600","C030","SC150","品目030-05-04"
"I0601","C031","SC151","品目031-01-01"
"I0602","C031","SC151","品目031-01-02"
"I0603","C031","SC151","品目031-01-03"
"I0604","C031","SC151","品目031-01-04"
"I0605","C031","SC152","品目031-02-01"
"I0606","C031","SC152","品目031-02-02"
"I0607","C031","SC152","品目031-02-03"
"I0608","C031","SC152","品目031-02-04"
"I0609","C031","SC153","品目031-03-01"
"I0610","C031","SC153","品目031-03-02"
"I0611","C031","SC153","品目031-03-03"
"I0612","C031","SC153","品目031-03-04"
"I0613","C031","SC154","品目031-04-01"
"I0614","C031","SC154","品目031-04-02"
"I0615","C031","SC154","品目031-04-03"
"I0616","C031","SC154","品目031-04-04"
"I0617","C031","SC155","品目031-05-01"
"I0618","C031","SC155","品目031-05-02"
"I0619","C031","SC155","品目031-05-03"
"I0620","C031","SC155","品目031-05-04"
"I0621","C032","SC156","品目032-01-01"
"I0622","C032","SC156","品目032-01-02"
"I0623","C032","SC156","品目032-01-03"
"I0624","C032","SC156","品目032-01-04"
"I0625","C032","SC157","品目032-02-01"
"I0626","C032","SC157","品目032-02-02"
"I0627","C032","SC157","品目032-02-03"
"I0628","C032","SC157","品目032-02-04"
"I0629","C032","SC158","品目032-03-01"
"I0630","C032","SC158","品目032-03-02"
"I0631","C032","SC158","品目032-03-03"
"I0632","C032","SC158","品目032-03-04"
"I0633","C032","SC159","品目032-04-01"
"I0634","C032","SC159","品目032-04-02"
"I0635","C032","SC159","品目032-04-03"
"I0636","C032","SC159","品目032-04-04"
"I0637","C032","SC160","品目032-05-01"
"I0638","C032","SC160","品目032-05-02"
"I0639","C032","SC160","品目032-05-03"
"I0640","C032","SC160","品目032-05-04"
"I0641","C033","SC161","品目033-01-01"
"I0642","C033","SC161","品目033-01-02"
"I0643","C033","SC161","品目033-01-03"
"I0644","C033","SC161","品目033-01-04"
"I0645","C033","SC162","品目033-02-01"
"I0646","C033","SC162","品目033-02-02"
"I0647","C033","SC162","品目033-02-03"
"I0648","C033","SC162","品目033-02-04"
"I0649","C033","SC163","品目033-03-01"
"I0650","C033","SC163","品目033-03-02"
"I0651","C033","SC163","品目033-03-03"
"I0652","C033","SC163","品目033-03-04"
"I0653","C033","SC164","品目033-04-01"
"I0654","C033","SC164","品目033-04-02"
"I0655","C033","SC164","品目033-04-03"
"I0656","C033","SC164","品目033-04-04"
"I0657","C033","SC165","品目033-05-01"
"I0658","C033","SC165","品目033-05-02"
"I0659","C033","SC165","品目033-05-03"
"I0660","C033","SC165","品目033-05-04"
"I0661","C034","SC166","品目034-01-01"
"I0662","C034","SC166","品目034-01-02"
"I0663","C034","SC166","品目034-01-03"
"I0664","C034","SC166","品目034-01-04"
"I0665","C034","SC167","品目034-02-01"
"I0666","C034","SC167","品目034-02-02"
"I0667","C034","SC167","品目034-02-03"
"I0668","C034","SC167","品目034-02-04"
"I0669","C034","SC168","品目034-03-01"
"I0670","C034","SC168","品目034-03-02"
"I0671","C034","SC168","品目034-03-03"
"I0672","C034","SC168","品目034-03-04"
"I0673","C034","SC169","品目034-04-01"
"I0674","C034","SC169","品目034-04-02"
"I0675","C034","SC169","品目034-04-03"
"I0676","C034","SC169","品目034-04-04"
"I0677","C034","SC170","品目034-05-01"
"I0678","C034","SC170","品目034-05-02"
"I0679","C034","SC170","品目034-05-03"
"I0680","C034","SC170","品目034-05-04"
"I0681","C035","SC171","品目035-01-01"
"I0682","C035","SC171","品目035-01-02"
"I0683","C035","SC171","品目035-01-03"
"I0684","C035","SC171","品目035-01-04"
"I0685","C035","SC172","品目035-02-01"
"I0686","C035","SC172","品目035-02-02"
"I0687","C035","SC172","品目035-02-03"
"I0688","C035","SC172","品目035-02-04"
"I0689","C035","SC173","品目035-03-01"
"I0690","C035","SC173","品目035-03-02"
"I0691","C035","SC173","品目035-03-03"
"I0692","C035","SC173","品目035-03-04"
"I0693","C035","SC174","品目035-04-01"
"I0694","C035","SC174","品目035-04-02"
"I0695","C035","SC174","品目035-04-03"
"I0696","C035","SC174","品目035-04-04"
"I0697","C035","SC175","品目035-05-01"
"I0698","C035","SC175","品目035-05-02"
"I0699","C035","SC175","品目035-05-03"
"I0700","C035","SC175","品目035-05-04"
"I0701","C036","SC176","品目036-01-01"
"I0702","C036","SC176","品目036-01-02"
"I0703","C036","SC176","品目036-01-03"
"I0704","C036","SC176","品目036-01-04"
"I0705","C036","SC177","品目036-02-01"
"I0706","C036","SC177","品目036-02-02"
"I0707","C036","SC177","品目036-02-03"
"I0708","C036","SC177","品目036-02-04"
"I0709","C036","SC178","品目036-03-01"
"I0710","C036","SC178","品目036-03-02"
"I0711","C036","SC178","品目036-03-03"
"I0712","C036","SC178","品目036-03-04"
"I0713","C036","SC179","品目036-04-01"
"I0714","C036","SC179","品目036-04-02"
"I0715","C036","SC179","品目036-04-03"
"I0716","C036","SC179","品目036-04-04"
"I0717","C036","SC180","品目036-05-01"
"I0718","C036","SC180","品目036-05-02"
"I0719","C036","SC180","品目036-05-03"
"I0720","C036","SC180","品目036-05-04"
"I0721","C037","SC181","品目037-01-01"
"I0722","C037","SC181","品目037-01-02"
"I0723","C037","SC181","品目037-01-03"
"I0724","C037","SC181","品目037-01-04"
"I0725","C037","SC182","品目037-02-01"
"I0726","C037","SC182","品目037-02-02"
"I0727","C037","SC182","品目037-02-03"
"I0728","C037","SC182","品目037-02-04"
"I0729","C037","SC183","品目037-03-01"
"I0730","C037","SC183","品目037-03-02"
"I0731","C037","SC183","品目037-03-03"
"I0732","C037","SC183","品目037-03-04"
"I0733","C037","SC184","品目037-04-01"
"I0734","C037","SC184","品目037-04-02"
"I0735","C037","SC184","品目037-04-03"
"I0736","C037","SC184","品目037-04-04"
"I0737","C037","SC185","品目037-05-01"
"I0738","C037","SC185","品目037-05-02"
"I0739","C037","SC185","品目037-05-03"
"I0740","C037","SC185","品目037-05-04"
"I0741","C038","SC186","品目038-01-01"
"I0742","C038","SC186","品目038-01-02"
"I0743","C038","SC186","品目038-01-03"
"I0744","C038","SC186","品目038-01-04"
"I0745","C038","SC187","品目038-02-01"
"I0746","C038","SC187","品目038-02-02"
"I0747","C038","SC187","品目038-02-03"
"I0748","C038","SC187","品目038-02-04"
"I0749","C038","SC188","品目038-03-01"
"I0750","C038","SC188","品目038-03-02"
"I0751","C038","SC188","品目038-03-03"
"I0752","C038","SC188","品目038-03-04"
"I0753","C038","SC189","品目038-04-01"
"I0754","C038","SC189","品目038-04-02"
"I0755","C038","SC189","品目038-04-03"
"I0756","C038","SC189","品目038-04-04"
"I0757","C038","SC190","品目038-05-01"
"I0758","C038","SC190","品目038-05-02"
"I0759","C038","SC190","品目038-05-03"
"I0760","C038","SC190","品目038-05-04"
"I0761","C039","SC191","品目039-01-01"
"I0762","C039","SC191","品目039-01-02"
"I0763","C039","SC191","品目039-01-03"
"I0764","C039","SC191","品目039-01-04"
"I0765","C039","SC192","品目039-02-01"
"I0766","C039","SC192","品目039-02-02"
"I0767","C039","SC192","品目039-02-03"
"I0768","C039","SC192","品目039-02-04"
"I0769","C039","SC193","品目039-03-01"
"I0770","C039","SC193","品目039-03-02"
"I0771","C039","SC193","品目039-03-03"
"I0772","C039","SC193","品目039-03-04"
"I0773","C039","SC194","品目039-04-01"
"I0774","C039","SC194","品目039-04-02"
"I0775","C039","SC194","品目039-04-03"
"I0776","C039","SC194","品目039-04-04"
"I0777","C039","SC195","品目039-05-01"
"I0778","C039","SC195","品目039-05-02"
"I0779","C039","SC195","品目039-05-03"
"I0780","C039","SC195","品目039-05-04"
"I0781","C040","SC196","品目040-01-01"
"I0782","C040","SC196","品目040-01-02"
"I0783","C040","SC196","品目040-01-03"
"I0784","C040","SC196","品目040-01-04"
"I0785","C040","SC197","品目040-02-01"
"I0786","C040","SC197","品目040-02-02"
"I0787","C040","SC197","品目040-02-03"
"I0788","C040","SC197","品目040-02-04"
"I0789","C040","SC198","品目040-03-01"
"I0790","C040","SC198","品目040-03-02"
"I0791","C040","SC198","品目040-03-03"
"I0792","C040","SC198","品目040-03-04"
"I0793","C040","SC199","品目040-04-01"
"I0794","C040","SC199","品目040-04-02"
"I0795","C040","SC199","品目040-04-03"
"I0796","C040","SC199","品目040-04-04"
"I0797","C040","SC200","品目040-05-01"
"I0798","C040","SC200","品目040-05-02"
"I0799","C040","SC200","品目040-05-03"
"I0800","C040","SC200","品目040-05-04"
"I0801","C041","SC201","品目041-01-01"
"I0802","C041","SC201","品目041-01-02"
"I0803","C041","SC201","品目041-01-03"
"I0804","C041","SC201","品目041-01-04"
"I0805","C041","SC202","品目041-02-01"
"I0806","C041","SC202","品目041-02-02"
"I0807","C041","SC202","品目041-02-03"
"I0808","C041","SC202","品目041-02-04"
"I0809","C041","SC203","品目041-03-01"
"I0810","C041","SC203","品目041-03-02"
"I0811","C041","SC203","品目041-03-03"
"I0812","C041","SC203","品目041-03-04"
"I0813","C041","SC204","品目041-04-01"
"I0814","C041","SC204","品目041-04-02"
"I0815","C041","SC204","品目041-04-03"
"I0816","C041","SC204","品目041-04-04"
"I0817","C041","SC205","品目041-05-01"
"I0818","C041","SC205","品目041-05-02"
"I0819","C041","SC205","品目041-05-03"
"I0820","C041","SC205","品目041-05-04"
"I0821","C042","SC206","品目042-01-01"
"I0822","C042","SC206","品目042-01-02"
"I0823","C042","SC206","品目042-01-03"
"I0824","C042","SC206","品目042-01-04"
"I0825","C042","SC207","品目042-02-01"
"I0826","C042","SC207","品目042-02-02"
"I0827","C042","SC207","品目042-02-03"
"I0828","C042","SC207","品目042-02-04"
"I0829","C042","SC208","品目042-03-01"
"I0830","C042","SC208","品目042-03-02"
"I0831","C042","SC208","品目042-03-03"
"I0832","C042","SC208","品目042-03-04"
"I0833","C042","SC209","品目042-04-01"
"I0834","C042","SC209","品目042-04-02"
"I0835","C042","SC209","品目042-04-03"
"I0836","C042","SC209","品目042-04-04"
"I0837","C042","SC210","品目042-05-01"
"I0838","C042","SC210","品目042-05-02"
"I0839","C042","SC210","品目042-05-03"
"I0840","C042","SC210","品目042-05-04"
"I0841","C043","SC211","品目043-01-01"
"I0842","C043","SC211","品目043-01-02"
"I0843","C043","SC211","品目043-01-03"
"I0844","C043","SC211","品目043-01-04"
"I0845","C043","SC212","品目043-02-01"
"I0846","C043","SC212","品目043-02-02"
"I0847","C043","SC212","品目043-02-03"
"I0848","C043","SC212","品目043-02-04"
"I0849","C043","SC213","品目043-03-01"
"I0850","C043","SC213","品目043-03-02"
"I0851","C043","SC213","品目043-03-03"
"I0852","C043","SC213","品目043-03-04"
"I0853","C043","SC214","品目043-04-01"
"I0854","C043","SC214","品目043-04-02"
"I0855","C043","SC214","品目043-04-03"
"I0856","C043","SC214","品目043-04-04"
"I0857","C043","SC215","品目043-05-01"
"I0858","C043","SC215","品目043-05-02"
"I0859","C043","SC215","品目043-05-03"
"I0860","C043","SC215","品目043-05-04"
"I0861","C044","SC216","品目044-01-01"
"I0862","C044","SC216","品目044-01-02"
"I0863","C044","SC216","品目044-01-03"
"I0864","C044","SC216","品目044-01-04"
"I0865","C044","SC217","品目044-02-01"
"I0866","C044","SC217","品目044-02-02"
"I0867","C044","SC217","品目044-02-03"
"I0868","C044","SC217","品目044-02-04"
"I0869","C044","SC218","品目044-03-01"
"I0870","C044","SC218","品目044-03-02"
"I0871","C044","SC218","品目044-03-03"
"I0872","C044","SC218","品目044-03-04"
"I0873","C044","SC219","品目044-04-01"
"I0874","C044","SC219","品目044-04-02"
"I0875","C044","SC219","品目044-04-03"
"I0876","C044","SC219","品目044-04-04"
"I0877","C044","SC220","品目044-05-01"
"I0878","C044","SC220","品目044-05-02"
"I0879","C044","SC220","品目044-05-03"
"I0880","C044","SC220","品目044-05-04"
"I0881","C045","SC221","品目045-01-01"
"I0882","C045","SC221","品目045-01-02"
"I0883","C045","SC221","品目045-01-03"
"I0884","C045","SC221","品目045-01-04"
"I0885","C045","SC222","品目045-02-01"
"I0886","C045","SC222","品目045-02-02"
"I0887","C045","SC222","品目045-02-03"
"I0888","C045","SC222","品目045-02-04"
"I0889","C045","SC223","品目045-03-01"
"I0890","C045","SC223","品目045-03-02"
"I0891","C045","SC223","品目045-03-03"
"I0892","C045","SC223","品目045-03-04"
"I0893","C045","SC224","品目045-04-01"
"I0894","C045","SC224","品目045-04-02"
"I0895","C045","SC224","品目045-04-03"
"I0896","C045","SC224","品目045-04-04"
"I0897","C045","SC225","品目045-05-01"
"I0898","C045","SC225","品目045-05-02"
"I0899","C045","SC225","品目045-05-03"
"I0900","C045","SC225","品目045-05-04"
"I0901","C046","SC226","品目046-01-01"
"I0902","C046","SC226","品目046-01-02"
"I0903","C046","SC226","品目046-01-03"
"I0904","C046","SC226","品目046-01-04"
"I0905","C046","SC227","品目046-02-01"
"I0906","C046","SC227","品目046-02-02"
"I0907","C046","SC227","品目046-02-03"
"I0908","C046","SC227","品目046-02-04"
"I0909","C046","SC228","品目046-03-01"
"I0910","C046","SC228","品目046-03-02"
"I0911","C046","SC228","品目046-03-03"
"I0912","C046","SC228","品目046-03-04"
"I0913","C046","SC229","品目046-04-01"
"I0914","C046","SC229","品目046-04-02"
"I0915","C046","SC229","品目046-04-03"
"I0916","C046","SC229","品目046-04-04"
"I0917","C046","SC230","品目046-05-01"
"I0918","C046","SC230","品目046-05-02"
"I0919","C046","SC230","品目046-05-03"
"I0920","C046","SC230","品目046-05-04"
"I0921","C047","SC231","品目047-01-01"
"I0922","C047","SC231","品目047-01-02"
"I0923","C047","SC231","品目047-01-03"
"I0924","C047","SC231","品目047-01-04"
"I0925","C047","SC232","品目047-02-01"
"I0926","C047","SC232","品目047-02-02"
"I0927","C047","SC232","品目047-02-03"
"I0928","C047","SC232","品目047-02-04"
"I0929","C047","SC233","品目047-03-01"
"I0930","C047","SC233","品目047-03-02"
"I0931","C047","SC233","品目047-03-03"
"I0932","C047","SC233","品目047-03-04"
"I0933","C047","SC234","品目047-04-01"
"I0934","C047","SC234","品目047-04-02"
"I0935","C047","SC234","品目047-04-03"
"I0936","C047","SC234","品目047-04-04"
"I0937","C047","SC235","品目047-05-01"
"I0938","C047","SC235","品目047-05-02"
"I0939","C047","SC235","品目047-05-03"
"I0940","C047","SC235","品目047-05-04"
"I0941","C048","SC236","品目048-01-01"
"I0942","C048","SC236","品目048-01-02"
"I0943","C048","SC236","品目048-01-03"
"I0944","C048","SC236","品目048-01-04"
"I0945","C048","SC237","品目048-02-01"
"I0946","C048","SC237","品目048-02-02"
"I0947","C048","SC237","品目048-02-03"
"I0948","C048","SC237","品目048-02-04"
"I0949","C048","SC238","品目048-03-01"
"I0950","C048","SC238","品目048-03-02"
"I0951","C048","SC238","品目048-03-03"
"I0952","C048","SC238","品目048-03-04"
"I0953","C048","SC239","品目048-04-01"
"I0954","C048","SC239","品目048-04-02"
"I0955","C048","SC239","品目048-04-03"
"I0956","C048","SC239","品目048-04-04"
"I0957","C048","SC240","品目048-05-01"
"I0958","C048","SC240","品目048-05-02"
"I0959","C048","SC240","品目048-05-03"
"I0960","C048","SC240","品目048-05-04"
"I0961","C049","SC241","品目049-01-01"
"I0962","C049","SC241","品目049-01-02"
"I0963","C049","SC241","品目049-01-03"
"I0964","C049","SC241","品目049-01-04"
"I0965","C049","SC242","品目049-02-01"
"I0966","C049","SC242","品目049-02-02"
"I0967","C049","SC242","品目049-02-03"
"I0968","C049","SC242","品目049-02-04"
"I0969","C049","SC243","品目049-03-01"
"I0970","C049","SC243","品目049-03-02"
"I0971","C049","SC243","品目049-03-03"
"I0972","C049","SC243","品目049-03-04"
"I0973","C049","SC244","品目049-04-01"
"I0974","C049","SC244","品目049-04-02"
"I0975","C049","SC244","品目049-04-03"
"I0976","C049","SC244","品目049-04-04"
"I0977","C049","SC245","品目049-05-01"
"I0978","C049","SC245","品目049-05-02"
"I0979","C049","SC245","品目049-05-03"
"I0980","C049","SC245","品目049-05-04"
"I0981","C050","SC246","品目050-01-01"
"I0982","C050","SC246","品目050-01-02"
"I0983","C050","SC246","品目050-01-03"
"I0984","C050","SC246","品目050-01-04"
"I0985","C050","SC247","品目050-02-01"
"I0986","C050","SC247","品目050-02-02"
"I0987","C050","SC247","品目050-02-03"
"I0988","C050","SC247","品目050-02-04"
"I0989","C050","SC248","品目050-03-01"
"I0990","C050","SC248","品目050-03-02"
"I0991","C050","SC248","品目050-03-03"
"I0992","C050","SC248","品目050-03-04"
"I0993","C050","SC249","品目050-04-01"
"I0994","C050","SC249","品目050-04-02"
"I0995","C050","SC249","品目050-04-03"
"I0996","C050","SC249","品目050-04-04"
"I0997","C050","SC250","品目050-05-01"
"I0998","C050","SC250","品目050-05-02"
"I0999","C050","SC250","品目050-05-03"
"I1000","C050","SC250","品目050-05-04"
"I1001","C051","SC251","品目051-01-01"
"I1002","C051","SC251","品目051-01-02"
"I1003","C051","SC251","品目051-01-03"
"I1004","C051","SC251","品目051-01-04"
"I1005","C051","SC252","品目051-02-01"
"I1006","C051","SC252","品目051-02-02"
"I1007","C051","SC252","品目051-02-03"
"I1008","C051","SC252","品目051-02-04"
"I1009","C051","SC253","品目051-03-01"
"I1010","C051","SC253","品目051-03-02"
"I1011","C051","SC253","品目051-03-03"
"I1012","C051","SC253","品目051-03-04"
"I1013","C051","SC254","品目051-04-01"
"I1014","C051","SC254","品目051-04-02"
"I1015","C051","SC254","品目051-04-03"
"I1016","C051","SC254","品目051-04-04"
"I1017","C051","SC255","品目051-05-01"
"I1018","C051","SC255","品目051-05-02"
"I1019","C051","SC255","品目051-05-03"
"I1020","C051","SC255","品目051-05-04"
"I1021","C052","SC256","品目052-01-01"
"I1022","C052","SC256","品目052-01-02"
"I1023","C052","SC256","品目052-01-03"
"I1024","C052","SC256","品目052-01-04"
"I1025","C052","SC257","品目052-02-01"
"I1026","C052","SC257","品目052-02-02"
"I1027","C052","SC257","品目052-02-03"
"I1028","C052","SC257","品目052-02-04"
"I1029","C052","SC258","品目052-03-01"
"I1030","C052","SC258","品目052-03-02"
"I1031","C052","SC258","品目052-03-03"
"I1032","C052","SC258","品目052-03-04"
"I1033","C052","SC259","品目052-04-01"
"I1034","C052","SC259","品目052-04-02"
"I1035","C052","SC259","品目052-04-03"
"I1036","C052","SC259","品目052-04-04"
"I1037","C052","SC260","品目052-05-01"
"I1038","C052","SC260","品目052-05-02"
"I1039","C052","SC260","品目052-05-03"
"I1040","C052","SC260","品目052-05-04"
"I1041","C053","SC261","品目053-01-01"
"I1042","C053","SC261","品目053-01-02"
"I1043","C053","SC261","品目053-01-03"
"I1044","C053","SC261","品目053-01-04"
"I1045","C053","SC262","品目053-02-01"
"I1046","C053","SC262","品目053-02-02"
"I1047","C053","SC262","品目053-02-03"
"I1048","C053","SC262","品目053-02-04"
"I1049","C053","SC263","品目053-03-01"
"I1050","C053","SC263","品目053-03-02"
"I1051","C053","SC263","品目053-03-03"
"I1052","C053","SC263","品目053-03-04"
"I1053","C053","SC264","品目053-04-01"
"I1054","C053","SC264","品目053-04-02"
"I1055","C053","SC264","品目053-04-03"
"I1056","C053","SC264","品目053-04-04"
"I1057","C053","SC265","品目053-05-01"
"I1058","C053","SC265","品目053-05-02"
"I1059","C053","SC265","品目053-05-03"
"I1060","C053","SC265","品目053-05-04"
"I1061","C054","SC266","品目054-01-01"
"I1062","C054","SC266","品目054-01-02"
"I1063","C054","SC266","品目054-01-03"
"I1064","C054","SC266","品目054-01-04"
"I1065","C054","SC267","品目054-02-01"
"I1066","C054","SC267","品目054-02-02"
"I1067","C054","SC267","品目054-02-03"
"I1068","C054","SC267","品目054-02-04"
"I1069","C054","SC268","品目054-03-01"
"I1070","C054","SC268","品目054-03-02"
"I1071","C054","SC268","品目054-03-03"
"I1072","C054","SC268","品目054-03-04"
"I1073","C054","SC269","品目054-04-01"
"I1074","C054","SC269","品目054-04-02"
"I1075","C054","SC269","品目054-04-03"
"I1076","C054","SC269","品目054-04-04"
"I1077","C054","SC270","品目054-05-01"
"I1078","C054","SC270","品目054-05-02"
"I1079","C054","SC270","品目054-05-03"
"I1080","C054","SC270","品目054-05-04"
"I1081","C055","SC271","品目055-01-01"
"I1082","C055","SC271","品目055-01-02"
"I1083","C055","SC271","品目055-01-03"
"I1084","C055","SC271","品目055-01-04"
"I1085","C055","SC272","品目055-02-01"
"I1086","C055","SC272","品目055-02-02"
"I1087","C055","SC272","品目055-02-03"
"I1088","C055","SC272","品目055-02-04"
"I1089","C055","SC273","品目055-03-01"
"I1090","C055","SC273","品目055-03-02"
"I1091","C055","SC273","品目055-03-03"
"I1092","C055","SC273","品目055-03-04"
"I1093","C055","SC274","品目055-04-01"
"I1094","C055","SC274","品目055-04-02"
"I1095","C055","SC274","品目055-04-03"
"I1096","C055","SC274","品目055-04-04"
"I1097","C055","SC275","品目055-05-01"
"I1098","C055","SC275","品目055-05-02"
"I1099","C055","SC275","品目055-05-03"
"I1100","C055","SC275","品目055-05-04"
"I1101","C056","SC276","品目056-01-01"
"I1102","C056","SC276","品目056-01-02"
"I1103","C056","SC276","品目056-01-03"
"I1104","C056","SC276","品目056-01-04"
"I1105","C056","SC277","品目056-02-01"
"I1106","C056","SC277","品目056-02-02"
"I1107","C056","SC277","品目056-02-03"
"I1108","C056","SC277","品目056-02-04"
"I1109","C056","SC278","品目056-03-01"
"I1110","C056","SC278","品目056-03-02"
"I1111","C056","SC278","品目056-03-03"
"I1112","C056","SC278","品目056-03-04"
"I1113","C056","SC279","品目056-04-01"
"I1114","C056","SC279","品目056-04-02"
"I1115","C056","SC279","品目056-04-03"
"I1116","C056","SC279","品目056-04-04"
"I1117","C056","SC280","品目056-05-01"
"I1118","C056","SC280","品目056-05-02"
"I1119","C056","SC280","品目056-05-03"
"I1120","C056","SC280","品目056-05-04"
"I1121","C057","SC281","品目057-01-01"
"I1122","C057","SC281","品目057-01-02"
"I1123","C057","SC281","品目057-01-03"
"I1124","C057","SC281","品目057-01-04"
"I1125","C057","SC282","品目057-02-01"
"I1126","C057","SC282","品目057-02-02"
"I1127","C057","SC282","品目057-02-03"
"I1128","C057","SC282","品目057-02-04"
"I1129","C057","SC283","品目057-03-01"
"I1130","C057","SC283","品目057-03-02"
"I1131","C057","SC283","品目057-03-03"
"I1132","C057","SC283","品目057-03-04"
"I1133","C057","SC284","品目057-04-01"
"I1134","C057","SC284","品目057-04-02"
"I1135","C057","SC284","品目057-04-03"
"I1136","C057","SC284","品目057-04-04"
"I1137","C057","SC285","品目057-05-01"
"I1138","C057","SC285","品目057-05-02"
"I1139","C057","SC285","品目057-05-03"
"I1140","C057","SC285","品目057-05-04"
"I1141","C058","SC286","品目058-01-01"
"I1142","C058","SC286","品目058-01-02"
"I1143","C058","SC286","品目058-01-03"
"I1144","C058","SC286","品目058-01-04"
"I1145","C058","SC287","品目058-02-01"
"I1146","C058","SC287","品目058-02-02"
"I1147","C058","SC287","品目058-02-03"
"I1148","C058","SC287","品目058-02-04"
"I1149","C058","SC288","品目058-03-01"
"I1150","C058","SC288","品目058-03-02"
"I1151","C058","SC288","品目058-03-03"
"I1152","C058","SC288","品目058-03-04"
"I1153","C058","SC289","品目058-04-01"
"I1154","C058","SC289","品目058-04-02"
"I1155","C058","SC289","品目058-04-03"
"I1156","C058","SC289","品目058-04-04"
"I1157","C058","SC290","品目058-05-01"
"I1158","C058","SC290","品目058-05-02"
"I1159","C058","SC290","品目058-05-03"
"I1160","C058","SC290","品目058-05-04"
"I1161","C059","SC291","品目059-01-01"
"I1162","C059","SC291","品目059-01-02"
"I1163","C059","SC291","品目059-01-03"
"I1164","C059","SC291","品目059-01-04"
"I1165","C059","SC292","品目059-02-01"
"I1166","C059","SC292","品目059-02-02"
"I1167","C059","SC292","品目059-02-03"
"I1168","C059","SC292","品目059-02-04"
"I1169","C059","SC293","品目059-03-01"
"I1170","C059","SC293","品目059-03-02"
"I1171","C059","SC293","品目059-03-03"
"I1172","C059","SC293","品目059-03-04"
"I1173","C059","SC294","品目059-04-01"
"I1174","C059","SC294","品目059-04-02"
"I1175","C059","SC294","品目059-04-03"
"I1176","C059","SC294","品目059-04-04"
"I1177","C059","SC295","品目059-05-01"
"I1178","C059","SC295","品目059-05-02"
"I1179","C059","SC295","品目059-05-03"
"I1180","C059","SC295","品目059-05-04"
"I1181","C060","SC296","品目060-01-01"
"I1182","C060","SC296","品目060-01-02"
"I1183","C060","SC296","品目060-01-03"
"I1184","C060","SC296","品目060-01-04"
"I1185","C060","SC297","品目060-02-01"
"I1186","C060","SC297","品目060-02-02"
"I1187","C060","SC297","品目060-02-03"
"I1188","C060","SC297","品目060-02-04"
"I1189","C060","SC298","品目060-03-01"
"I1190","C060","SC298","品目060-03-02"
"I1191","C060","SC298","品目060-03-03"
"I1192","C060","SC298","品目060-03-04"
"I1193","C060","SC299","品目060-04-01"
"I1194","C060","SC299","品目060-04-02"
"I1195","C060","SC299","品目060-04-03"
"I1196","C060","SC299","品目060-04-04"
"I1197","C060","SC300","品目060-05-01"
"I1198","C060","SC300","品目060-05-02"
"I1199","C060","SC300","品目060-05-03"
"I1200","C060","SC300","品目060-05-04"
"I1201","C061","SC301","品目061-01-01"
"I1202","C061","SC301","品目061-01-02"
"I1203","C061","SC301","品目061-01-03"
"I1204","C061","SC301","品目061-01-04"
"I1205","C061","SC302","品目061-02-01"
"I1206","C061","SC302","品目061-02-02"
"I1207","C061","SC302","品目061-02-03"
"I1208","C061","SC302","品目061-02-04"
"I1209","C061","SC303","品目061-03-01"
"I1210","C061","SC303","品目061-03-02"
"I1211","C061","SC303","品目061-03-03"
"I1212","C061","SC303","品目061-03-04"
"I1213","C061","SC304","品目061-04-01"
"I1214","C061","SC304","品目061-04-02"
"I1215","C061","SC304","品目061-04-03"
"I1216","C061","SC304","品目061-04-04"
"I1217","C061","SC305","品目061-05-01"
"I1218","C061","SC305","品目061-05-02"
"I1219","C061","SC305","品目061-05-03"
"I1220","C061","SC305","品目061-05-04"
"I1221","C062","SC306","品目062-01-01"
"I1222","C062","SC306","品目062-01-02"
"I1223","C062","SC306","品目062-01-03"
"I1224","C062","SC306","品目062-01-04"
"I1225","C062","SC307","品目062-02-01"
"I1226","C062","SC307","品目062-02-02"
"I1227","C062","SC307","品目062-02-03"
"I1228","C062","SC307","品目062-02-04"
"I1229","C062","SC308","品目062-03-01"
"I1230","C062","SC308","品目062-03-02"
"I1231","C062","SC308","品目062-03-03"
"I1232","C062","SC308","品目062-03-04"
"I1233","C062","SC309","品目062-04-01"
"I1234","C062","SC309","品目062-04-02"
"I1235","C062","SC309","品目062-04-03"
"I1236","C062","SC309","品目062-04-04"
"I1237","C062","SC310","品目062-05-01"
"I1238","C062","SC310","品目062-05-02"
"I1239","C062","SC310","品目062-05-03"
"I1240","C062","SC310","品目062-05-04"
"I1241","C063","SC311","品目063-01-01"
"I1242","C063","SC311","品目063-01-02"
"I1243","C063","SC311","品目063-01-03"
"I1244","C063","SC311","品目063-01-04"
"I1245","C063","SC312","品目063-02-01"
"I1246","C063","SC312","品目063-02-02"
"I1247","C063","SC312","品目063-02-03"
"I1248","C063","SC312","品目063-02-04"
"I1249","C063","SC313","品目063-03-01"
"I1250","C063","SC313","品目063-03-02"
"I1251","C063","SC313","品目063-03-03"
"I1252","C063","SC313","品目063-03-04"
"I1253","C063","SC314","品目063-04-01"
"I1254","C063","SC314","品目063-04-02"
"I1255","C063","SC314","品目063-04-03"
"I1256","C063","SC314","品目063-04-04"
"I1257","C063","SC315","品目063-05-01"
"I1258","C063","SC315","品目063-05-02"
"I1259","C063","SC315","品目063-05-03"
"I1260","C063","SC315","品目063-05-04"
"I1261","C064","SC316","品目064-01-01"
"I1262","C064","SC316","品目064-01-02"
"I1263","C064","SC316","品目064-01-03"
"I1264","C064","SC316","品目064-01-04"
"I1265","C064","SC317","品目064-02-01"
"I1266","C064","SC317","品目064-02-02"
"I1267","C064","SC317","品目064-02-03"
"I1268","C064","SC317","品目064-02-04"
"I1269","C064","SC318","品目064-03-01"
"I1270","C064","SC318","品目064-03-02"
"I1271","C064","SC318","品目064-03-03"
"I1272","C064","SC318","品目064-03-04"
"I1273","C064","SC319","品目064-04-01"
"I1274","C064","SC319","品目064-04-02"
"I1275","C064","SC319","品目064-04-03"
"I1276","C064","SC319","品目064-04-04"
"I1277","C064","SC320","品目064-05-01"
"I1278","C064","SC320","品目064-05-02"
"I1279","C064","SC320","品目064-05-03"
"I1280","C064","SC320","品目064-05-04"
"I1281","C065","SC321","品目065-01-01"
"I1282","C065","SC321","品目065-01-02"
"I1283","C065","SC321","品目065-01-03"
"I1284","C065","SC321","品目065-01-04"
"I1285","C065","SC322","品目065-02-01"
"I1286","C065","SC322","品目065-02-02"
"I1287","C065","SC322","品目065-02-03"
"I1288","C065","SC322","品目065-02-04"
"I1289","C065","SC323","品目065-03-01"
"I1290","C065","SC323","品目065-03-02"
"I1291","C065","SC323","品目065-03-03"
"I1292","C065","SC323","品目065-03-04"
"I1293","C065","SC324","品目065-04-01"
"I1294","C065","SC324","品目065-04-02"
"I1295","C065","SC324","品目065-04-03"
"I1296","C065","SC324","品目065-04-04"
"I1297","C065","SC325","品目065-05-01"
"I1298","C065","SC325","品目065-05-02"
"I1299","C065","SC325","品目065-05-03"
"I1300","C065","SC325","品目065-05-04"
"I1301","C066","SC326","品目066-01-01"
"I1302","C066","SC326","品目066-01-02"
"I1303","C066","SC326","品目066-01-03"
"I1304","C066","SC326","品目066-01-04"
"I1305","C066","SC327","品目066-02-01"
"I1306","C066","SC327","品目066-02-02"
"I1307","C066","SC327","品目066-02-03"
"I1308","C066","SC327","品目066-02-04"
"I1309","C066","SC328","品目066-03-01"
"I1310","C066","SC328","品目066-03-02"
"I1311","C066","SC328","品目066-03-03"
"I1312","C066","SC328","品目066-03-04"
"I1313","C066","SC329","品目066-04-01"
"I1314","C066","SC329","品目066-04-02"
"I1315","C066","SC329","品目066-04-03"
"I1316","C066","SC329","品目066-04-04"
"I1317","C066","SC330","品目066-05-01"
"I1318","C066","SC330","品目066-05-02"
"I1319","C066","SC330","品目066-05-03"
"I1320","C066","SC330","品目066-05-04"
"I1321","C067","SC331","品目067-01-01"
"I1322","C067","SC331","品目067-01-02"
"I1323","C067","SC331","品目067-01-03"
"I1324","C067","SC331","品目067-01-04"
"I1325","C067","SC332","品目067-02-01"
"I1326","C067","SC332","品目067-02-02"
"I1327","C067","SC332","品目067-02-03"
"I1328","C067","SC332","品目067-02-04"
"I1329","C067","SC333","品目067-03-01"
"I1330","C067","SC333","品目067-03-02"
"I1331","C067","SC333","品目067-03-03"
"I1332","C067","SC333","品目067-03-04"
"I1333","C067","SC334","品目067-04-01"
"I1334","C067","SC334","品目067-04-02"
"I1335","C067","SC334","品目067-04-03"
"I1336","C067","SC334","品目067-04-04"
"I1337","C067","SC335","品目067-05-01"
"I1338","C067","SC335","品目067-05-02"
"I1339","C067","SC335","品目067-05-03"
"I1340","C067","SC335","品目067-05-04"
"I1341","C068","SC336","品目068-01-01"
"I1342","C068","SC336","品目068-01-02"
"I1343","C068","SC336","品目068-01-03"
"I1344","C068","SC336","品目068-01-04"
"I1345","C068","SC337","品目068-02-01"
"I1346","C068","SC337","品目068-02-02"
"I1347","C068","SC337","品目068-02-03"
"I1348","C068","SC337","品目068-02-04"
"I1349","C068","SC338","品目068-03-01"
"I1350","C068","SC338","品目068-03-02"
"I1351","C068","SC338","品目068-03-03"
"I1352","C068","SC338","品目068-03-04"
"I1353","C068","SC339","品目068-04-01"
"I1354","C068","SC339","品目068-04-02"
"I1355","C068","SC339","品目068-04-03"
"I1356","C068","SC339","品目068-04-04"
"I1357","C068","SC340","品目068-05-01"
"I1358","C068","SC340","品目068-05-02"
"I1359","C068","SC340","品目068-05-03"
"I1360","C068","SC340","品目068-05-04"
"I1361","C069","SC341","品目069-01-01"
"I1362","C069","SC341","品目069-01-02"
"I1363","C069","SC341","品目069-01-03"
"I1364","C069","SC341","品目069-01-04"
"I1365","C069","SC342","品目069-02-01"
"I1366","C069","SC342","品目069-02-02"
"I1367","C069","SC342","品目069-02-03"
"I1368","C069","SC342","品目069-02-04"
"I1369","C069","SC343","品目069-03-01"
"I1370","C069","SC343","品目069-03-02"
"I1371","C069","SC343","品目069-03-03"
"I1372","C069","SC343","品目069-03-04"
"I1373","C069","SC344","品目069-04-01"
"I1374","C069","SC344","品目069-04-02"
"I1375","C069","SC344","品目069-04-03"
"I1376","C069","SC344","品目069-04-04"
"I1377","C069","SC345","品目069-05-01"
"I1378","C069","SC345","品目069-05-02"
"I1379","C069","SC345","品目069-05-03"
"I1380","C069","SC345","品目069-05-04"
"I1381","C070","SC346","品目070-01-01"
"I1382","C070","SC346","品目070-01-02"
"I1383","C070","SC346","品目070-01-03"
"I1384","C070","SC346","品目070-01-04"
"I1385","C070","SC347","品目070-02-01"
"I1386","C070","SC347","品目070-02-02"
"I1387","C070","SC347","品目070-02-03"
"I1388","C070","SC347","品目070-02-04"
"I1389","C070","SC348","品目070-03-01"
"I1390","C070","SC348","品目070-03-02"
"I1391","C070","SC348","品目070-03-03"
"I1392","C070","SC348","品目070-03-04"
"I1393","C070","SC349","品目070-04-01"
"I1394","C070","SC349","品目070-04-02"
"I1395","C070","SC349","品目070-04-03"
"I1396","C070","SC349","品目070-04-04"
"I1397","C070","SC350","品目070-05-01"
"I1398","C070","SC350","品目070-05-02"
"I1399","C070","SC350","品目070-05-03"
"I1400","C070","SC350","品目070-05-04"
"I1401","C071","SC351","品目071-01-01"
"I1402","C071","SC351","品目071-01-02"
"I1403","C071","SC351","品目071-01-03"
"I1404","C071","SC351","品目071-01-04"
"I1405","C071","SC352","品目071-02-01"
"I1406","C071","SC352","品目071-02-02"
"I1407","C071","SC352","品目071-02-03"
"I1408","C071","SC352","品目071-02-04"
"I1409","C071","SC353","品目071-03-01"
"I1410","C071","SC353","品目071-03-02"
"I1411","C071","SC353","品目071-03-03"
"I1412","C071","SC353","品目071-03-04"
"I1413","C071","SC354","品目071-04-01"
"I1414","C071","SC354","品目071-04-02"
"I1415","C071","SC354","品目071-04-03"
"I1416","C071","SC354","品目071-04-04"
"I1417","C071","SC355","品目071-05-01"
"I1418","C071","SC355","品目071-05-02"
"I1419","C071","SC355","品目071-05-03"
"I1420","C071","SC355","品目071-05-04"
"I1421","C072","SC356","品目072-01-01"
"I1422","C072","SC356","品目072-01-02"
"I1423","C072","SC356","品目072-01-03"
"I1424","C072","SC356","品目072-01-04"
"I1425","C072","SC357","品目072-02-01"
"I1426","C072","SC357","品目072-02-02"
"I1427","C072","SC357","品目072-02-03"
"I1428","C072","SC357","品目072-02-04"
"I1429","C072","SC358","品目072-03-01"
"I1430","C072","SC358","品目072-03-02"
"I1431","C072","SC358","品目072-03-03"
"I1432","C072","SC358","品目072-03-04"
"I1433","C072","SC359","品目072-04-01"
"I1434","C072","SC359","品目072-04-02"
"I1435","C072","SC359","品目072-04-03"
"I1436","C072","SC359","品目072-04-04"
"I1437","C072","SC360","品目072-05-01"
"I1438","C072","SC360","品目072-05-02"
"I1439","C072","SC360","品目072-05-03"
"I1440","C072","SC360","品目072-05-04"
"I1441","C073","SC361","品目073-01-01"
"I1442","C073","SC361","品目073-01-02"
"I1443","C073","SC361","品目073-01-03"
"I1444","C073","SC361","品目073-01-04"
"I1445","C073","SC362","品目073-02-01"
"I1446","C073","SC362","品目073-02-02"
"I1447","C073","SC362","品目073-02-03"
"I1448","C073","SC362","品目073-02-04"
"I1449","C073","SC363","品目073-03-01"
"I1450","C073","SC363","品目073-03-02"
"I1451","C073","SC363","品目073-03-03"
"I1452","C073","SC363","品目073-03-04"
"I1453","C073","SC364","品目073-04-01"
"I1454","C073","SC364","品目073-04-02"
"I1455","C073","SC364","品目073-04-03"
"I1456","C073","SC364","品目073-04-04"
"I1457","C073","SC365","品目073-05-01"
"I1458","C073","SC365","品目073-05-02"
"I1459","C073","SC365","品目073-05-03"
"I1460","C073","SC365","品目073-05-04"
"I1461","C074","SC366","品目074-01-01"
"I1462","C074","SC366","品目074-01-02"
"I1463","C074","SC366","品目074-01-03"
"I1464","C074","SC366","品目074-01-04"
"I1465","C074","SC367","品目074-02-01"
"I1466","C074","SC367","品目074-02-02"
"I1467","C074","SC367","品目074-02-03"
"I1468","C074","SC367","品目074-02-04"
"I1469","C074","SC368","品目074-03-01"
"I1470","C074","SC368","品目074-03-02"
"I1471","C074","SC368","品目074-03-03"
"I1472","C074","SC368","品目074-03-04"
"I1473","C074","SC369","品目074-04-01"
"I1474","C074","SC369","品目074-04-02"
"I1475","C074","SC369","品目074-04-03"
"I1476","C074","SC369","品目074-04-04"
"I1477","C074","SC370","品目074-05-01"
"I1478","C074","SC370","品目074-05-02"
"I1479","C074","SC370","品目074-05-03"
"I1480","C074","SC370","品目074-05-04"
"I1481","C075","SC371","品目075-01-01"
"I1482","C075","SC371","品目075-01-02"
"I1483","C075","SC371","品目075-01-03"
"I1484","C075","SC371","品目075-01-04"
"I1485","C075","SC372","品目075-02-01"
"I1486","C075","SC372","品目075-02-02"
"I1487","C075","SC372","品目075-02-03"
"I1488","C075","SC372","品目075-02-04"
"I1489","C075","SC373","品目075-03-01"
"I1490","C075","SC373","品目075-03-02"
"I1491","C075","SC373","品目075-03-03"
"I1492","C075","SC373","品目075-03-04"
"I1493","C075","SC374","品目075-04-01"
"I1494","C075","SC374","品目075-04-02"
"I1495","C075","SC374","品目075-04-03"
"I1496","C075","SC374","品目075-04-04"
"I1497","C075","SC375","品目075-05-01"
"I1498","C075","SC375","品目075-05-02"
"I1499","C075","SC375","品目075-05-03"
"I1500","C075","SC375","品目075-05-04"
"I1501","C076","SC376","品目076-01-01"
"I1502","C076","SC376","品目076-01-02"
"I1503","C076","SC376","品目076-01-03"
"I1504","C076","SC376","品目076-01-04"
"I1505","C076","SC377","品目076-02-01"
"I1506","C076","SC377","品目076-02-02"
"I1507","C076","SC377","品目076-02-03"
"I1508","C076","SC377","品目076-02-04"
"I1509","C076","SC378","品目076-03-01"
"I1510","C076","SC378","品目076-03-02"
"I1511","C076","SC378","品目076-03-03"
"I1512","C076","SC378","品目076-03-04"
"I1513","C076","SC379","品目076-04-01"
"I1514","C076","SC379","品目076-04-02"
"I1515","C076","SC379","品目076-04-03"
"I1516","C076","SC379","品目076-04-04"
"I1517","C076","SC380","品目076-05-01"
"I1518","C076","SC380","品目076-05-02"
"I1519","C076","SC380","品目076-05-03"
"I1520","C076","SC380","品目076-05-04"
"I1521","C077","SC381","品目077-01-01"
"I1522","C077","SC381","品目077-01-02"
"I1523","C077","SC381","品目077-01-03"
"I1524","C077","SC381","品目077-01-04"
"I1525","C077","SC382","品目077-02-01"
"I1526","C077","SC382","品目077-02-02"
"I1527","C077","SC382","品目077-02-03"
"I1528","C077","SC382","品目077-02-04"
"I1529","C077","SC383","品目077-03-01"
"I1530","C077","SC383","品目077-03-02"
"I1531","C077","SC383","品目077-03-03"
"I1532","C077","SC383","品目077-03-04"
"I1533","C077","SC384","品目077-04-01"
"I1534","C077","SC384","品目077-04-02"
"I1535","C077","SC384","品目077-04-03"
"I1536","C077","SC384","品目077-04-04"
"I1537","C077","SC385","品目077-05-01"
"I1538","C077","SC385","品目077-05-02"
"I1539","C077","SC385","品目077-05-03"
"I1540","C077","SC385","品目077-05-04"
"I1541","C078","SC386","品目078-01-01"
"I1542","C078","SC386","品目078-01-02"
"I1543","C078","SC386","品目078-01-03"
"I1544","C078","SC386","品目078-01-04"
"I1545","C078","SC387","品目078-02-01"
"I1546","C078","SC387","品目078-02-02"
"I1547","C078","SC387","品目078-02-03"
"I1548","C078","SC387","品目078-02-04"
"I1549","C078","SC388","品目078-03-01"
"I1550","C078","SC388","品目078-03-02"
"I1551","C078","SC388","品目078-03-03"
"I1552","C078","SC388","品目078-03-04"
"I1553","C078","SC389","品目078-04-01"
"I1554","C078","SC389","品目078-04-02"
"I1555","C078","SC389","品目078-04-03"
"I1556","C078","SC389","品目078-04-04"
"I1557","C078","SC390","品目078-05-01"
"I1558","C078","SC390","品目078-05-02"
"I1559","C078","SC390","品目078-05-03"
"I1560","C078","SC390","品目078-05-04"
"I1561","C079","SC391","品目079-01-01"
"I1562","C079","SC391","品目079-01-02"
"I1563","C079","SC391","品目079-01-03"
"I1564","C079","SC391","品目079-01-04"
"I1565","C079","SC392","品目079-02-01"
"I1566","C079","SC392","品目079-02-02"
"I1567","C079","SC392","品目079-02-03"
"I1568","C079","SC392","品目079-02-04"
"I1569","C079","SC393","品目079-03-01"
"I1570","C079","SC393","品目079-03-02"
"I1571","C079","SC393","品目079-03-03"
"I1572","C079","SC393","品目079-03-04"
"I1573","C079","SC394","品目079-04-01"
"I1574","C079","SC394","品目079-04-02"
"I1575","C079","SC394","品目079-04-03"
"I1576","C079","SC394","品目079-04-04"
"I1577","C079","SC395","品目079-05-01"
"I1578","C079","SC395","品目079-05-02"
"I1579","C079","SC395","品目079-05-03"
"I1580","C079","SC395","品目079-05-04"
"I1581","C080","SC396","品目080-01-01"
"I1582","C080","SC396","品目080-01-02"
"I1583","C080","SC396","品目080-01-03"
"I1584","C080","SC396","品目080-01-04"
"I1585","C080","SC397","品目080-02-01"
"I1586","C080","SC397","品目080-02-02"
"I1587","C080","SC397","品目080-02-03"
"I1588","C080","SC397","品目080-02-04"
"I1589","C080","SC398","品目080-03-01"
"I1590","C080","SC398","品目080-03-02"
"I1591","C080","SC398","品目080-03-03"
"I1592","C080","SC398","品目080-03-04"
"I1593","C080","SC399","品目080-04-01"
"I1594","C080","SC399","品目080-04-02"
"I1595","C080","SC399","品目080-04-03"
"I1596","C080","SC399","品目080-04-04"
"I1597","C080","SC400","品目080-05-01"
"I1598","C080","SC400","品目080-05-02"
"I1599","C080","SC400","品目080-05-03"
"I1600","C080","SC400","品目080-05-04"
"I1601","C081","SC401","品目081-01-01"
"I1602","C081","SC401","品目081-01-02"
"I1603","C081","SC401","品目081-01-03"
"I1604","C081","SC401","品目081-01-04"
"I1605","C081","SC402","品目081-02-01"
"I1606","C081","SC402","品目081-02-02"
"I1607","C081","SC402","品目081-02-03"
"I1608","C081","SC402","品目081-02-04"
"I1609","C081","SC403","品目081-03-01"
"I1610","C081","SC403","品目081-03-02"
"I1611","C081","SC403","品目081-03-03"
"I1612","C081","SC403","品目081-03-04"
"I1613","C081","SC404","品目081-04-01"
"I1614","C081","SC404","品目081-04-02"
"I1615","C081","SC404","品目081-04-03"
"I1616","C081","SC404","品目081-04-04"
"I1617","C081","SC405","品目081-05-01"
"I1618","C081","SC405","品目081-05-02"
"I1619","C081","SC405","品目081-05-03"
"I1620","C081","SC405","品目081-05-04"
"I1621","C082","SC406","品目082-01-01"
"I1622","C082","SC406","品目082-01-02"
"I1623","C082","SC406","品目082-01-03"
"I1624","C082","SC406","品目082-01-04"
"I1625","C082","SC407","品目082-02-01"
"I1626","C082","SC407","品目082-02-02"
"I1627","C082","SC407","品目082-02-03"
"I1628","C082","SC407","品目082-02-04"
"I1629","C082","SC408","品目082-03-01"
"I1630","C082","SC408","品目082-03-02"
"I1631","C082","SC408","品目082-03-03"
"I1632","C082","SC408","品目082-03-04"
"I1633","C082","SC409","品目082-04-01"
"I1634","C082","SC409","品目082-04-02"
"I1635","C082","SC409","品目082-04-03"
"I1636","C082","SC409","品目082-04-04"
"I1637","C082","SC410","品目082-05-01"
"I1638","C082","SC410","品目082-05-02"
"I1639","C082","SC410","品目082-05-03"
"I1640","C082","SC410","品目082-05-04"
"I1641","C083","SC411","品目083-01-01"
"I1642","C083","SC411","品目083-01-02"
"I1643","C083","SC411","品目083-01-03"
"I1644","C083","SC411","品目083-01-04"
"I1645","C083","SC412","品目083-02-01"
"I1646","C083","SC412","品目083-02-02"
"I1647","C083","SC412","品目083-02-03"
"I1648","C083","SC412","品目083-02-04"
"I1649","C083","SC413","品目083-03-01"
"I1650","C083","SC413","品目083-03-02"
"I1651","C083","SC413","品目083-03-03"
"I1652","C083","SC413","品目083-03-04"
"I1653","C083","SC414","品目083-04-01"
"I1654","C083","SC414","品目083-04-02"
"I1655","C083","SC414","品目083-04-03"
"I1656","C083","SC414","品目083-04-04"
"I1657","C083","SC415","品目083-05-01"
"I1658","C083","SC415","品目083-05-02"
"I1659","C083","SC415","品目083-05-03"
"I1660","C083","SC415","品目083-05-04"
"I1661","C084","SC416","品目084-01-01"
"I1662","C084","SC416","品目084-01-02"
"I1663","C084","SC416","品目084-01-03"
"I1664","C084","SC416","品目084-01-04"
"I1665","C084","SC417","品目084-02-01"
"I1666","C084","SC417","品目084-02-02"
"I1667","C084","SC417","品目084-02-03"
"I1668","C084","SC417","品目084-02-04"
"I1669","C084","SC418","品目084-03-01"
"I1670","C084","SC418","品目084-03-02"
"I1671","C084","SC418","品目084-03-03"
"I1672","C084","SC418","品目084-03-04"
"I1673","C084","SC419","品目084-04-01"
"I1674","C084","SC419","品目084-04-02"
"I1675","C084","SC419","品目084-04-03"
"I1676","C084","SC419","品目084-04-04"
"I1677","C084","SC420","品目084-05-01"
"I1678","C084","SC420","品目084-05-02"
"I1679","C084","SC420","品目084-05-03"
"I1680","C084","SC420","品目084-05-04"
"I1681","C085","SC421","品目085-01-01"
"I1682","C085","SC421","品目085-01-02"
"I1683","C085","SC421","品目085-01-03"
"I1684","C085","SC421","品目085-01-04"
"I1685","C085","SC422","品目085-02-01"
"I1686","C085","SC422","品目085-02-02"
"I1687","C085","SC422","品目085-02-03"
"I1688","C085","SC422","品目085-02-04"
"I1689","C085","SC423","品目085-03-01"
"I1690","C085","SC423","品目085-03-02"
"I1691","C085","SC423","品目085-03-03"
"I1692","C085","SC423","品目085-03-04"
"I1693","C085","SC424","品目085-04-01"
"I1694","C085","SC424","品目085-04-02"
"I1695","C085","SC424","品目085-04-03"
"I1696","C085","SC424","品目085-04-04"
"I1697","C085","SC425","品目085-05-01"
"I1698","C085","SC425","品目085-05-02"
"I1699","C085","SC425","品目085-05-03"
"I1700","C085","SC425","品目085-05-04"
"I1701","C086","SC426","品目086-01-01"
"I1702","C086","SC426","品目086-01-02"
"I1703","C086","SC426","品目086-01-03"
"I1704","C086","SC426","品目086-01-04"
"I1705","C086","SC427","品目086-02-01"
"I1706","C086","SC427","品目086-02-02"
"I1707","C086","SC427","品目086-02-03"
"I1708","C086","SC427","品目086-02-04"
"I1709","C086","SC428","品目086-03-01"
"I1710","C086","SC428","品目086-03-02"
"I1711","C086","SC428","品目086-03-03"
"I1712","C086","SC428","品目086-03-04"
"I1713","C086","SC429","品目086-04-01"
"I1714","C086","SC429","品目086-04-02"
"I1715","C086","SC429","品目086-04-03"
"I1716","C086","SC429","品目086-04-04"
"I1717","C086","SC430","品目086-05-01"
"I1718","C086","SC430","品目086-05-02"
"I1719","C086","SC430","品目086-05-03"
"I1720","C086","SC430","品目086-05-04"
"I1721","C087","SC431","品目087-01-01"
"I1722","C087","SC431","品目087-01-02"
"I1723","C087","SC431","品目087-01-03"
"I1724","C087","SC431","品目087-01-04"
"I1725","C087","SC432","品目087-02-01"
"I1726","C087","SC432","品目087-02-02"
"I1727","C087","SC432","品目087-02-03"
"I1728","C087","SC432","品目087-02-04"
"I1729","C087","SC433","品目087-03-01"
"I1730","C087","SC433","品目087-03-02"
"I1731","C087","SC433","品目087-03-03"
"I1732","C087","SC433","品目087-03-04"
"I1733","C087","SC434","品目087-04-01"
"I1734","C087","SC434","品目087-04-02"
"I1735","C087","SC434","品目087-04-03"
"I1736","C087","SC434","品目087-04-04"
"I1737","C087","SC435","品目087-05-01"
"I1738","C087","SC435","品目087-05-02"
"I1739","C087","SC435","品目087-05-03"
"I1740","C087","SC435","品目087-05-04"
"I1741","C088","SC436","品目088-01-01"
"I1742","C088","SC436","品目088-01-02"
"I1743","C088","SC436","品目088-01-03"
"I1744","C088","SC436","品目088-01-04"
"I1745","C088","SC437","品目088-02-01"
"I1746","C088","SC437","品目088-02-02"
"I1747","C088","SC437","品目088-02-03"
"I1748","C088","SC437","品目088-02-04"
"I1749","C088","SC438","品目088-03-01"
"I1750","C088","SC438","品目088-03-02"
"I1751","C088","SC438","品目088-03-03"
"I1752","C088","SC438","品目088-03-04"
"I1753","C088","SC439","品目088-04-01"
"I1754","C088","SC439","品目088-04-02"
"I1755","C088","SC439","品目088-04-03"
"I1756","C088","SC439","品目088-04-04"
"I1757","C088","SC440","品目088-05-01"
"I1758","C088","SC440","品目088-05-02"
"I1759","C088","SC440","品目088-05-03"
"I1760","C088","SC440","品目088-05-04"
"I1761","C089","SC441","品目089-01-01"
"I1762","C089","SC441","品目089-01-02"
"I1763","C089","SC441","品目089-01-03"
"I1764","C089","SC441","品目089-01-04"
"I1765","C089","SC442","品目089-02-01"
"I1766","C089","SC442","品目089-02-02"
"I1767","C089","SC442","品目089-02-03"
"I1768","C089","SC442","品目089-02-04"
"I1769","C089","SC443","品目089-03-01"
"I1770","C089","SC443","品目089-03-02"
"I1771","C089","SC443","品目089-03-03"
"I1772","C089","SC443","品目089-03-04"
"I1773","C089","SC444","品目089-04-01"
"I1774","C089","SC444","品目089-04-02"
"I1775","C089","SC444","品目089-04-03"
"I1776","C089","SC444","品目089-04-04"
"I1777","C089","SC445","品目089-05-01"
"I1778","C089","SC445","品目089-05-02"
"I1779","C089","SC445","品目089-05-03"
"I1780","C089","SC445","品目089-05-04"
"I1781","C090","SC446","品目090-01-01"
"I1782","C090","SC446","品目090-01-02"
"I1783","C090","SC446","品目090-01-03"
"I1784","C090","SC446","品目090-01-04"
"I1785","C090","SC447","品目090-02-01"
"I1786","C090","SC447","品目090-02-02"
"I1787","C090","SC447","品目090-02-03"
"I1788","C090","SC447","品目090-02-04"
"I1789","C090","SC448","品目090-03-01"
"I1790","C090","SC448","品目090-03-02"
"I1791","C090","SC448","品目090-03-03"
"I1792","C090","SC448","品目090-03-04"
"I1793","C090","SC449","品目090-04-01"
"I1794","C090","SC449","品目090-04-02"
"I1795","C090","SC449","品目090-04-03"
"I1796","C090","SC449","品目090-04-04"
"I1797","C090","SC450","品目090-05-01"
"I1798","C090","SC450","品目090-05-02"
"I1799","C090","SC450","品目090-05-03"
"I1800","C090","SC450","品目090-05-04"
"I1801","C091","SC451","品目091-01-01"
"I1802","C091","SC451","品目091-01-02"
"I1803","C091","SC451","品目091-01-03"
"I1804","C091","SC451","品目091-01-04"
"I1805","C091","SC452","品目091-02-01"
"I1806","C091","SC452","品目091-02-02"
"I1807","C091","SC452","品目091-02-03"
"I1808","C091","SC452","品目091-02-04"
"I1809","C091","SC453","品目091-03-01"
"I1810","C091","SC453","品目091-03-02"
"I1811","C091","SC453","品目091-03-03"
"I1812","C091","SC453","品目091-03-04"
"I1813","C091","SC454","品目091-04-01"
"I1814","C091","SC454","品目091-04-02"
"I1815","C091","SC454","品目091-04-03"
"I1816","C091","SC454","品目091-04-04"
"I1817","C091","SC455","品目091-05-01"
"I1818","C091","SC455","品目091-05-02"
"I1819","C091","SC455","品目091-05-03"
"I1820","C091","SC455","品目091-05-04"
"I1821","C092","SC456","品目092-01-01"
"I1822","C092","SC456","品目092-01-02"
"I1823","C092","SC456","品目092-01-03"
"I1824","C092","SC456","品目092-01-04"
"I1825","C092","SC457","品目092-02-01"
"I1826","C092","SC457","品目092-02-02"
"I1827","C092","SC457","品目092-02-03"
"I1828","C092","SC457","品目092-02-04"
"I1829","C092","SC458","品目092-03-01"
"I1830","C092","SC458","品目092-03-02"
"I1831","C092","SC458","品目092-03-03"
"I1832","C092","SC458","品目092-03-04"
"I1833","C092","SC459","品目092-04-01"
"I1834","C092","SC459","品目092-04-02"
"I1835","C092","SC459","品目092-04-03"
"I1836","C092","SC459","品目092-04-04"
"I1837","C092","SC460","品目092-05-01"
"I1838","C092","SC460","品目092-05-02"
"I1839","C092","SC460","品目092-05-03"
"I1840","C092","SC460","品目092-05-04"
"I1841","C093","SC461","品目093-01-01"
"I1842","C093","SC461","品目093-01-02"
"I1843","C093","SC461","品目093-01-03"
"I1844","C093","SC461","品目093-01-04"
"I1845","C093","SC462","品目093-02-01"
"I1846","C093","SC462","品目093-02-02"
"I1847","C093","SC462","品目093-02-03"
"I1848","C093","SC462","品目093-02-04"
"I1849","C093","SC463","品目093-03-01"
"I1850","C093","SC463","品目093-03-02"
"I1851","C093","SC463","品目093-03-03"
"I1852","C093","SC463","品目093-03-04"
"I1853","C093","SC464","品目093-04-01"
"I1854","C093","SC464","品目093-04-02"
"I1855","C093","SC464","品目093-04-03"
"I1856","C093","SC464","品目093-04-04"
"I1857","C093","SC465","品目093-05-01"
"I1858","C093","SC465","品目093-05-02"
"I1859","C093","SC465","品目093-05-03"
"I1860","C093","SC465","品目093-05-04"
"I1861","C094","SC466","品目094-01-01"
"I1862","C094","SC466","品目094-01-02"
"I1863","C094","SC466","品目094-01-03"
"I1864","C094","SC466","品目094-01-04"
"I1865","C094","SC467","品目094-02-01"
"I1866","C094","SC467","品目094-02-02"
"I1867","C094","SC467","品目094-02-03"
"I1868","C094","SC467","品目094-02-04"
"I1869","C094","SC468","品目094-03-01"
"I1870","C094","SC468","品目094-03-02"
"I1871","C094","SC468","品目094-03-03"
"I1872","C094","SC468","品目094-03-04"
"I1873","C094","SC469","品目094-04-01"
"I1874","C094","SC469","品目094-04-02"
"I1875","C094","SC469","品目094-04-03"
"I1876","C094","SC469","品目094-04-04"
"I1877","C094","SC470","品目094-05-01"
"I1878","C094","SC470","品目094-05-02"
"I1879","C094","SC470","品目094-05-03"
"I1880","C094","SC470","品目094-05-04"
"I1881","C095","SC471","品目095-01-01"
"I1882","C095","SC471","品目095-01-02"
"I1883","C095","SC471","品目095-01-03"
"I1884","C095","SC471","品目095-01-04"
"I1885","C095","SC472","品目095-02-01"
"I1886","C095","SC472","品目095-02-02"
"I1887","C095","SC472","品目095-02-03"
"I1888","C095","SC472","品目095-02-04"
"I1889","C095","SC473","品目095-03-01"
"I1890","C095","SC473","品目095-03-02"
"I1891","C095","SC473","品目095-03-03"
"I1892","C095","SC473","品目095-03-04"
"I1893","C095","SC474","品目095-04-01"
"I1894","C095","SC474","品目095-04-02"
"I1895","C095","SC474","品目095-04-03"
"I1896","C095","SC474","品目095-04-04"
"I1897","C095","SC475","品目095-05-01"
"I1898","C095","SC475","品目095-05-02"
"I1899","C095","SC475","品目095-05-03"
"I1900","C095","SC475","品目095-05-04"
"I1901","C096","SC476","品目096-01-01"
"I1902","C096","SC476","品目096-01-02"
"I1903","C096","SC476","品目096-01-03"
"I1904","C096","SC476","品目096-01-04"
"I1905","C096","SC477","品目096-02-01"
"I1906","C096","SC477","品目096-02-02"
"I1907","C096","SC477","品目096-02-03"
"I1908","C096","SC477","品目096-02-04"
"I1909","C096","SC478","品目096-03-01"
"I1910","C096","SC478","品目096-03-02"
"I1911","C096","SC478","品目096-03-03"
"I1912","C096","SC478","品目096-03-04"
"I1913","C096","SC479","品目096-04-01"
"I1914","C096","SC479","品目096-04-02"
"I1915","C096","SC479","品目096-04-03"
"I1916","C096","SC479","品目096-04-04"
"I1917","C096","SC480","品目096-05-01"
"I1918","C096","SC480","品目096-05-02"
"I1919","C096","SC480","品目096-05-03"
"I1920","C096","SC480","品目096-05-04"
"I1921","C097","SC481","品目097-01-01"
"I1922","C097","SC481","品目097-01-02"
"I1923","C097","SC481","品目097-01-03"
"I1924","C097","SC481","品目097-01-04"
"I1925","C097","SC482","品目097-02-01"
"I1926","C097","SC482","品目097-02-02"
"I1927","C097","SC482","品目097-02-03"
"I1928","C097","SC482","品目097-02-04"
"I1929","C097","SC483","品目097-03-01"
"I1930","C097","SC483","品目097-03-02"
"I1931","C097","SC483","品目097-03-03"
"I1932","C097","SC483","品目097-03-04"
"I1933","C097","SC484","品目097-04-01"
"I1934","C097","SC484","品目097-04-02"
"I1935","C097","SC484","品目097-04-03"
"I1936","C097","SC484","品目097-04-04"
"I1937","C097","SC485","品目097-05-01"
"I1938","C097","SC485","品目097-05-02"
"I1939","C097","SC485","品目097-05-03"
"I1940","C097","SC485","品目097-05-04"
"I1941","C098","SC486","品目098-01-01"
"I1942","C098","SC486","品目098-01-02"
"I1943","C098","SC486","品目098-01-03"
"I1944","C098","SC486","品目098-01-04"
"I1945","C098","SC487","品目098-02-01"
"I1946","C098","SC487","品目098-02-02"
"I1947","C098","SC487","品目098-02-03"
"I1948","C098","SC487","品目098-02-04"
"I1949","C098","SC488","品目098-03-01"
"I1950","C098","SC488","品目098-03-02"
"I1951","C098","SC488","品目098-03-03"
"I1952","C098","SC488","品目098-03-04"
"I1953","C098","SC489","品目098-04-01"
"I1954","C098","SC489","品目098-04-02"
"I1955","C098","SC489","品目098-04-03"
"I1956","C098","SC489","品目098-04-04"
"I1957","C098","SC490","品目098-05-01"
"I1958","C098","SC490","品目098-05-02"
"I1959","C098","SC490","品目098-05-03"
"I1960","C098","SC490","品目098-05-04"
"I1961","C099","SC491","品目099-01-01"
"I1962","C099","SC491","品目099-01-02"
"I1963","C099","SC491","品目099-01-03"
"I1964","C099","SC491","品目099-01-04"
"I1965","C099","SC492","品目099-02-01"
"I1966","C099","SC492","品目099-02-02"
"I1967","C099","SC492","品目099-02-03"
"I1968","C099","SC492","品目099-02-04"
"I1969","C099","SC493","品目099-03-01"
"I1970","C099","SC493","品目099-03-02"
"I1971","C099","SC493","品目099-03-03"
"I1972","C099","SC493","品目099-03-04"
"I1973","C099","SC494","品目099-04-01"
"I1974","C099","SC494","品目099-04-02"
"I1975","C099","SC494","品目099-04-03"
"I1976","C099","SC494","品目099-04-04"
"I1977","C099","SC495","品目099-05-01"
"I1978","C099","SC495","品目099-05-02"
"I1979","C099","SC495","品目099-05-03"
"I1980","C099","SC495","品目099-05-04"
"I1981","C100","SC496","品目100-01-01"
"I1982","C100","SC496","品目100-01-02"
"I1983","C100","SC496","品目100-01-03"
"I1984","C100","SC496","品目100-01-04"
"I1985","C100","SC497","品目100-02-01"
"I1986","C100","SC497","品目100-02-02"
"I1987","C100","SC497","品目100-02-03"
"I1988","C100","SC497","品目100-02-04"
"I1989","C100","SC498","品目100-03-01"
"I1990","C100","SC498","品目100-03-02"
"I1991","C100","SC498","品目100-03-03"
"I1992","C100","SC498","品目100-03-04"
"I1993","C100","SC499","品目100-04-01"
"I1994","C100","SC499","品目100-04-02"
"I1995","C100","SC499","品目100-04-03"
"I1996","C100","SC499","品目100-04-04"
"I1997","C100","SC500","品目100-05-01"
"I1998","C100","SC500","品目100-05-02"
"I1999","C100","SC500","品目100-05-03"
"I2000","C100","SC500","品目100-05-04"
